codanum,focal,whale,codatype,Duration,handv
4933,True,ATWOOD,1+1+3,0.89825,i
4934,True,ATWOOD,1+1+3,0.865575,i
4935,True,ATWOOD,1+1+3,0.8583166,i
4936,True,ATWOOD,1+1+3,0.8619416,i
4937,True,ATWOOD,1+1+3,0.838825,i
4938,True,ATWOOD,1+1+3,0.8447333,i
4939,True,ATWOOD,1+1+3,0.8275417,i
4940,True,ATWOOD,1+1+3,0.8468334,i
4941,True,ATWOOD,1+1+3,1.0484083,i
4942,True,ATWOOD,1+1+3,0.9956333,i
4943,True,ATWOOD,1+1+3,0.9803084,i
4944,True,ATWOOD,1+1+3,0.9525416,i
4945,True,ATWOOD,1+1+3,1.0598584,i
4946,True,ATWOOD,1+1+3,1.0668667,i
4947,True,ATWOOD,1+1+3,1.0691167,i
4948,True,ATWOOD,1+1+3,1.0382417,i
4949,True,ATWOOD,1+1+3,0.9752834,i
4958,True,ATWOOD,1+1+3,0.8768083,i
4959,True,ATWOOD,1+1+3,0.8888416,i
4960,True,ATWOOD,6-NOISE,1.060625,i
4985,True,ATWOOD,9i,0.39305,a
4986,True,ATWOOD,8i,0.3561833,a
4987,True,ATWOOD,5R1,0.3098333,a
4988,True,ATWOOD,5R1,0.341425,a
4989,True,ATWOOD,6i,0.3734917,a
4990,True,ATWOOD,5R1,0.3405417,a
4991,True,ATWOOD,5R1,0.3358584,a
4992,True,ATWOOD,5R1,0.3282583,a
4993,True,ATWOOD,5R1,0.3341,a
4994,True,ATWOOD,5R1,0.317175,a
4995,True,ATWOOD,6i,0.390875,a
4996,True,ATWOOD,5R1,0.3297916,a
4997,True,ATWOOD,5R1,0.3384333,a
4998,True,ATWOOD,5R1,0.3479833,a
4999,True,ATWOOD,6i,0.4075167,a
5012,True,ATWOOD,6i,0.419425,a
5013,True,ATWOOD,5R1,0.3266,a
5014,True,ATWOOD,5-NOISE,0.3596916,a
5015,True,ATWOOD,6i,0.3793583,a
5018,True,ATWOOD,6-NOISE,1.2175333,i
5019,True,ATWOOD,1+1+3,1.031875,i
5020,True,ATWOOD,1+1+3,0.9328,i
5021,True,ATWOOD,1+1+3,0.9238417,i
5022,True,ATWOOD,1+1+3,0.9870084,i
5023,True,ATWOOD,1+1+3,0.9885917,i
5024,True,ATWOOD,1+1+3,0.9898417,i
5025,True,ATWOOD,6-NOISE,1.2446417,i
5026,True,ATWOOD,1+1+3,1.1383333,i
5027,True,ATWOOD,1+1+3,1.13705,i
5028,True,ATWOOD,1+1+3,1.1143331,i
5029,True,ATWOOD,1+1+3,1.0642667,i
5030,True,ATWOOD,1+1+3,1.0549583,i
5031,True,ATWOOD,8D,1.4049917,a
5036,True,ATWOOD,1+1+3,0.90795,i
5037,True,ATWOOD,1+1+3,0.8891166,i
5038,True,ATWOOD,1+1+3,0.8545083,i
5039,True,ATWOOD,1+1+3,0.8804833,i
5040,True,ATWOOD,1+1+3,0.8843917,i
5041,True,ATWOOD,1+1+3,0.8801833,
5063,True,ATWOOD,6i,0.4051,a
5064,True,ATWOOD,5R1,0.3193417,a
5065,True,ATWOOD,5R1,0.3226834,a
5066,True,ATWOOD,6i,0.3707417,a
5067,True,ATWOOD,5R1,0.3498417,a
5068,True,ATWOOD,5-NOISE,0.4289,a
5069,True,ATWOOD,5R1,0.3549083,a
5070,True,ATWOOD,5R1,0.361125,a
5071,True,ATWOOD,5R1,0.3395083,a
5072,True,ATWOOD,5R1,0.38335,a
5073,True,ATWOOD,6i,0.3901584,a
5074,True,ATWOOD,5-NOISE,0.4190967,a
5086,True,ATWOOD,6-NOISE,1.040589,a
5087,True,ATWOOD,6-NOISE,1.2605093,a
5088,True,ATWOOD,10R,1.8615024,a
5089,True,ATWOOD,1+1+3,0.8975,i
5090,True,ATWOOD,1+1+3,0.9174917,i
5091,True,ATWOOD,1+1+3,0.9704917,a
5092,True,ATWOOD,1+1+3,1.0154607,a
5093,True,ATWOOD,1+1+3,1.1311156,a
5094,True,ATWOOD,1+1+3,1.1443636,a
5095,True,ATWOOD,1+1+3,1.2213475,a
5096,True,ATWOOD,1+1+3,1.2376598,a
5119,True,ATWOOD,1+1+3,1.2470963,a
5120,True,ATWOOD,1+1+3,1.2423655,a
5121,True,ATWOOD,1+1+3,1.2840083,a
5122,True,ATWOOD,1+1+3,1.2476267,a
5123,True,ATWOOD,1+1+3,1.20455,a
5124,True,ATWOOD,1+1+3,1.3499,a
5125,True,ATWOOD,1+1+3,1.4196084,a
5126,True,ATWOOD,1+1+3,1.3377519,a
5127,True,ATWOOD,6-NOISE,0.9990958,a
5128,True,ATWOOD,8D,1.6578432,i
5129,True,ATWOOD,7D2,1.4578167,i
5130,True,ATWOOD,9-NOISE,1.709325,i
5160,True,ATWOOD,5R1,0.3293314,a
5161,True,ATWOOD,5R1,0.317,a
5162,True,ATWOOD,5R1,0.3385,a
5163,True,ATWOOD,1+1+3,0.767025,a
5164,True,ATWOOD,1+1+3,0.7648167,i
5165,True,ATWOOD,1+1+3,0.77085,a
5166,True,ATWOOD,1+1+3,0.78275,a
5167,True,ATWOOD,1+1+3,0.7545333,a
5168,True,ATWOOD,1+1+3,0.736125,a
5169,True,ATWOOD,6i,0.4052417,a
5170,True,ATWOOD,5R1,0.344225,a
5171,True,ATWOOD,5R1,0.3446167,a
5172,True,ATWOOD,5R1,0.3394666,a
5173,True,ATWOOD,5R1,0.3693083,a
5174,True,ATWOOD,5R1,0.3288833,a
5175,True,ATWOOD,5R1,0.3096166,a
5190,True,ATWOOD,5R1,0.320125,a
5191,True,ATWOOD,5R1,0.3312833,a
5192,True,ATWOOD,5R1,0.3480166,a
5193,True,ATWOOD,5R1,0.3535834,a
5194,True,ATWOOD,10i,0.3961917,a
5195,True,ATWOOD,9i,0.3763084,a
5196,True,ATWOOD,1+1+3,1.3729583,a
5197,True,ATWOOD,1+1+3,1.4024953,a
5198,True,ATWOOD,1+1+3,1.363775,a
5199,True,ATWOOD,1+1+3,1.3564583,a
5200,True,ATWOOD,1+1+3,1.4225333,a
5201,True,ATWOOD,1+1+3,1.388025,a
5202,True,ATWOOD,1+1+3,1.348075,a
5203,True,ATWOOD,1+1+3,1.0961584,
5204,True,ATWOOD,1+1+3,1.13985,a
5205,True,ATWOOD,1+1+3,1.08535,a
5206,True,ATWOOD,1+1+3,1.0805916,a
5207,True,ATWOOD,6-NOISE,1.1322833,a
5208,True,ATWOOD,1+1+3,1.1832417,a
5209,True,ATWOOD,1+1+3,1.1988167,a
5210,True,ATWOOD,1+1+3,1.167475,a
5212,True,ATWOOD,1+1+3,0.872275,a
5233,True,ATWOOD,1+1+3,1.33315,a
5234,True,ATWOOD,1+1+3,1.3010083,a
5235,True,ATWOOD,1+1+3,1.2425167,a
5236,True,ATWOOD,1+1+3,1.2543334,a
5237,True,ATWOOD,1+1+3,1.2430583,a
5238,True,ATWOOD,1+1+3,1.2504167,a
5239,True,ATWOOD,1+1+3,1.1967584,a
5240,True,ATWOOD,1+1+3,1.1905666,a
5249,True,ATWOOD,7D2,1.5930834,i
5250,True,ATWOOD,8D,1.7966583,i
5256,True,ATWOOD,1+1+3,1.0424417,i
5257,True,ATWOOD,1+1+3,1.0851666,i
5258,True,ATWOOD,1+1+3,1.0513833,i
5259,True,ATWOOD,9-NOISE,1.3467667,i
5260,True,ATWOOD,1+1+3,1.02805,
5261,True,ATWOOD,1+1+3,1.1416667,i
5262,True,ATWOOD,1+1+3,1.067875,i
5263,True,ATWOOD,1+1+3,1.0001916,i
5264,True,ATWOOD,1+1+3,0.9890667,i
5265,True,ATWOOD,1+1+3,0.9768084,i
5266,True,ATWOOD,1+1+3,0.98795,i
5267,True,ATWOOD,1+1+3,0.989875,i
5268,True,ATWOOD,1+1+3,1.0174917,i
5269,True,ATWOOD,1+1+3,1.0194829,i
5270,True,ATWOOD,1+1+3,1.0295,i
5271,True,ATWOOD,1+1+3,1.0022666,i
5272,True,ATWOOD,1+1+3,0.9863833,i
5273,True,ATWOOD,6-NOISE,1.104425,i
5274,True,ATWOOD,6-NOISE,1.189125,i
5275,True,ATWOOD,6-NOISE,1.1713916,i
5283,True,ATWOOD,6-NOISE,1.0057167,i
5284,True,ATWOOD,1+1+3,0.8137333,i
5285,True,ATWOOD,1+1+3,0.8048833,i
5286,True,ATWOOD,1+1+3,0.806575,i
5374,True,ATWOOD,1+1+3,0.9815432,i
5375,True,ATWOOD,1+1+3,0.9749583,i
5376,True,ATWOOD,1+1+3,0.9544916,i
5377,True,ATWOOD,1+1+3,0.926875,i
5387,True,ATWOOD,1+1+3,1.0260833,i
5388,True,ATWOOD,1+1+3,1.0279584,i
5389,True,ATWOOD,1+1+3,1.0542667,i
5397,True,ATWOOD,1+1+3,0.8390417,i
5398,True,ATWOOD,6-NOISE,0.9022667,i
5399,True,ATWOOD,5-NOISE,0.7851834,i
5400,True,ATWOOD,5-NOISE,0.7542584,i
5401,True,ATWOOD,1+1+3,0.76985,i
5402,True,ATWOOD,1+1+3,0.7580584,i
5403,True,ATWOOD,1+1+3,0.775775,i
5404,True,ATWOOD,1+1+3,0.7687,i
5405,True,ATWOOD,1+1+3,0.7850166,i
5406,True,ATWOOD,1+1+3,0.7852417,i
5407,True,ATWOOD,1+1+3,0.8296416,i
5408,True,ATWOOD,1+1+3,0.862775,i
5409,True,ATWOOD,1+1+3,0.8768917,i
5410,True,ATWOOD,1+1+3,0.8805834,i
5438,True,ATWOOD,5R1,0.4203084,a
5439,True,ATWOOD,1+1+3,0.7464,a
5440,True,ATWOOD,1+1+3,0.793675,a
5441,True,ATWOOD,1+1+3,0.7660833,a
5442,True,ATWOOD,1+1+3,0.759325,a
5443,True,ATWOOD,1+1+3,0.7812167,a
5444,True,ATWOOD,1+1+3,0.89385,a
5445,True,ATWOOD,1+1+3,0.956275,a
5446,True,ATWOOD,1+1+3,0.9456667,a
5447,True,ATWOOD,1+1+3,0.9677416,a
5448,True,ATWOOD,1+1+3,0.9564333,a
5449,True,ATWOOD,1+1+3,0.9585084,a
5450,True,ATWOOD,1+1+3,1.0144083,a
5451,True,ATWOOD,1+1+3,1.033875,a
5452,True,ATWOOD,1+1+3,1.0366667,a
5453,True,ATWOOD,1+1+3,1.0271166,a
5454,True,ATWOOD,1+1+3,1.0380166,a
5455,True,ATWOOD,1+1+3,1.0521083,a
5456,True,ATWOOD,1+1+3,1.0684583,a
5457,True,ATWOOD,1+1+3,1.0656083,a
5458,True,ATWOOD,1+1+3,1.04845,a
5459,True,ATWOOD,1+1+3,1.0675417,a
5460,True,ATWOOD,1+1+3,1.0302917,a
5461,True,ATWOOD,1+1+3,1.018925,a
5462,True,ATWOOD,1+1+3,1.1263333,a
5463,True,ATWOOD,5-NOISE,1.2020583,a
5464,True,ATWOOD,1+1+3,1.034075,a
5465,True,ATWOOD,1+1+3,1.0480417,a
5466,True,ATWOOD,1+1+3,1.0299167,a
5467,True,ATWOOD,1+1+3,1.0887333,a
5468,True,ATWOOD,1+1+3,1.0520833,a
5469,True,ATWOOD,1+1+3,1.07485,a
5470,True,ATWOOD,1+1+3,0.8958917,a
5471,True,ATWOOD,1+1+3,0.8544901,a
5472,True,ATWOOD,1+1+3,0.84825,a
5473,True,ATWOOD,1+1+3,0.8334932,a
5474,True,ATWOOD,1+1+3,0.821225,a
5475,True,ATWOOD,1+1+3,0.83,a
5476,True,ATWOOD,1+1+3,0.8683833,a
5477,True,ATWOOD,4-NOISE,0.7185,a
5478,True,ATWOOD,1+1+3,0.9305667,a
5479,True,ATWOOD,1+1+3,0.9664,a
5480,True,ATWOOD,7-NOISE,1.1172917,a
5481,True,ATWOOD,1+1+3,0.8844583,
5482,True,ATWOOD,1+1+3,0.9230333,
5483,True,ATWOOD,1+1+3,0.9025667,
5611,True,ATWOOD,1+1+3,1.1183506,a
5612,True,ATWOOD,1+1+3,0.9721834,a
5613,True,ATWOOD,1+1+3,1.0742847,a
5642,True,ATWOOD,1+1+3,1.235475,a
5643,True,ATWOOD,1+1+3,1.1523917,a
5644,True,ATWOOD,1+1+3,1.1503583,a
5645,True,ATWOOD,1+1+3,1.1101,a
5646,True,ATWOOD,1+1+3,1.094825,a
5647,True,ATWOOD,1+1+3,1.0957333,a
5648,True,ATWOOD,1+1+3,1.11915,a
5649,True,ATWOOD,1+1+3,1.0698667,a
5650,True,ATWOOD,6-NOISE,1.2037167,a
5651,True,ATWOOD,1+1+3,1.0529833,a
5652,True,ATWOOD,1+1+3,1.0359,a
5653,True,ATWOOD,1+1+3,1.0386333,a
5654,True,ATWOOD,1+1+3,1.084925,a
5655,True,ATWOOD,4-NOISE,0.4167417,a
5656,True,ATWOOD,4-NOISE,1.1113083,a
5671,True,ATWOOD,5-NOISE,1.05305,a
5672,True,ATWOOD,1+1+3,1.101425,a
5673,True,ATWOOD,1+1+3,1.0922833,a
5674,True,ATWOOD,1+1+3,1.179475,a
5701,True,ATWOOD,1+1+3,0.828325,i
5702,True,ATWOOD,1+1+3,0.81205,i
5703,True,ATWOOD,1+1+3,0.8317167,i
5704,True,ATWOOD,1+1+3,0.8067667,i
5705,True,ATWOOD,1+1+3,0.814625,i
5706,True,ATWOOD,1+1+3,0.8154333,i
5707,True,ATWOOD,1+1+3,0.8327917,i
5708,True,ATWOOD,1+1+3,1.0134416,a
5709,True,ATWOOD,1+1+3,0.991525,a
5710,True,ATWOOD,1+1+3,1.01,a
5711,True,ATWOOD,1+1+3,1.0208584,i
5712,True,ATWOOD,1+1+3,1.0607417,i
5713,True,ATWOOD,1+1+3,1.1085834,i
5714,True,ATWOOD,1+1+3,1.10305,i
5715,True,ATWOOD,1+1+3,1.08995,i
5716,True,ATWOOD,1+1+3,1.0892424,i
5717,True,ATWOOD,1+1+3,1.0690917,i
5718,True,ATWOOD,1+1+3,1.1135,i
5719,True,ATWOOD,1+1+3,1.1547333,i
5720,True,ATWOOD,1+1+3,1.1308667,i
5721,True,ATWOOD,1+1+3,1.1203333,i
5722,True,ATWOOD,1+1+3,1.1508834,i
5723,True,ATWOOD,1+1+3,1.1566,i
5724,True,ATWOOD,6-NOISE,1.336725,i
5725,True,ATWOOD,1+1+3,1.1634917,i
5726,True,ATWOOD,6-NOISE,1.299475,i
5727,True,ATWOOD,1+1+3,1.1628,i
5728,True,ATWOOD,1+1+3,1.1656583,i
5782,True,ATWOOD,1+1+3,1.2202333,i
5783,True,ATWOOD,1+1+3,1.1449333,i
5784,True,ATWOOD,1+1+3,1.0572583,i
5785,True,ATWOOD,1+1+3,0.9682667,i
5787,True,ATWOOD,1+1+3,0.8077417,i
5788,True,ATWOOD,1+1+3,0.8556833,i
5803,True,ATWOOD,1+1+3,0.87825,i
5804,True,ATWOOD,1+1+3,0.85415,i
5805,True,ATWOOD,1+1+3,1.11705,i
5806,True,ATWOOD,1+1+3,1.0714083,i
5813,True,ATWOOD,1+1+3,1.019675,i
5814,True,ATWOOD,1+1+3,1.0788583,i
5842,True,ATWOOD,1+1+3,0.8859675,i
5843,True,ATWOOD,1+1+3,0.8799,i
5844,True,ATWOOD,1+1+3,0.8463917,i
5845,True,ATWOOD,1+1+3,0.8346667,i
5846,True,ATWOOD,1+1+3,0.8433333,i
5847,True,ATWOOD,1+1+3,0.8982834,i
5848,True,ATWOOD,1+1+3,0.8765334,i
5849,True,ATWOOD,1+1+3,0.8924916,i
5850,True,ATWOOD,1+1+3,0.9098583,i
5851,True,ATWOOD,6-NOISE,1.172941,i
5852,True,ATWOOD,1+1+3,1.0251,i
5853,True,ATWOOD,1+1+3,0.9940583,i
5854,True,ATWOOD,1+1+3,1.0115083,i
5881,True,ATWOOD,1+1+3,1.1465686,a
5882,True,ATWOOD,1+1+3,1.10535,a
5883,True,ATWOOD,1+1+3,1.1412916,a
5884,True,ATWOOD,1+1+3,1.13355,a
5885,True,ATWOOD,1+1+3,1.2065834,a
5886,True,ATWOOD,1+1+3,1.147725,a
5887,True,ATWOOD,1+1+3,1.1420083,a
5888,True,ATWOOD,1+1+3,1.1559333,a
5889,True,ATWOOD,1+1+3,1.1360083,a
5890,True,ATWOOD,1+1+3,1.1140417,a
5921,True,ATWOOD,1+1+3,1.0642751,a
5922,True,ATWOOD,1+1+3,1.065625,a
5923,True,ATWOOD,1+1+3,1.052175,a
5924,True,ATWOOD,1+1+3,1.0389334,a
5925,True,ATWOOD,1+1+3,1.2406007,a
5926,True,ATWOOD,1+1+3,1.2518417,a
5927,True,ATWOOD,1+1+3,1.2460333,a
5928,True,ATWOOD,1+1+3,1.2069833,a
5929,True,ATWOOD,1+1+3,1.179175,a
5930,True,ATWOOD,1+1+3,1.210275,a
6069,True,ATWOOD,1+1+3,0.8233084,i
6070,True,ATWOOD,6i,0.6538,i
6071,True,ATWOOD,1+1+3,0.811225,i
6072,True,ATWOOD,1+1+3,0.8199334,i
6073,True,ATWOOD,1+1+3,0.7385334,i
6074,True,ATWOOD,1+1+3,0.7753499,i
6075,True,ATWOOD,1+1+3,0.8037417,i
6076,True,ATWOOD,1+1+3,0.7971833,i
6108,True,ATWOOD,1+1+3,0.7230583,
6109,True,ATWOOD,1+1+3,0.7106333,
6110,True,ATWOOD,1+1+3,0.7559666,
6111,True,ATWOOD,1+1+3,0.7525667,
6112,True,ATWOOD,1+1+3,0.7440083,
6113,True,ATWOOD,1+1+3,0.7468167,
6148,True,ATWOOD,6i,0.3808083,a
6149,True,ATWOOD,5R1,0.3256583,a
6150,True,ATWOOD,5R1,0.3152833,a
6151,True,ATWOOD,5R1,0.3938,a
6152,True,ATWOOD,5R1,0.3229417,a
6153,True,ATWOOD,5R1,0.3348083,a
6154,True,ATWOOD,5R1,0.3397333,a
6155,True,ATWOOD,5R1,0.3118166,a
6156,True,ATWOOD,5R1,0.335275,a
6163,True,ATWOOD,1+1+3,1.4871,a
6164,True,ATWOOD,1+1+3,1.3820834,a
6165,True,ATWOOD,1+1+3,1.2529,a
6166,True,ATWOOD,10R,1.9095,a
6167,True,ATWOOD,6-NOISE,1.1025386,a
6168,True,ATWOOD,6-NOISE,1.389,a
6169,True,ATWOOD,1+1+3,1.1274584,a
6170,True,ATWOOD,6-NOISE,1.1895,a
6171,True,ATWOOD,1+1+3,1.01615,a
6172,True,ATWOOD,1+1+3,1.0886917,a
6173,True,ATWOOD,1+1+3,1.1767417,a
6182,True,ATWOOD,1+1+3,1.4943084,a
6183,True,ATWOOD,5-NOISE,1.3826065,a
6184,True,ATWOOD,1+1+3,1.4181167,a
6189,True,ATWOOD,1+1+3,1.3451417,a
6190,True,ATWOOD,6-NOISE,1.3078167,a
6191,True,ATWOOD,1+1+3,1.2109916,a
6192,True,ATWOOD,8D,1.4934083,i
6193,True,ATWOOD,9-NOISE,1.6341833,i
6194,True,ATWOOD,9-NOISE,1.6367166,i
6221,True,FORK,1+1+3,0.9922,a
6222,True,FORK,1+1+3,0.8677083,a
6223,True,FORK,1+1+3,0.8866917,a
6224,True,FORK,1+1+3,0.7822583,a
6225,True,FORK,1+1+3,0.6997833,a
6226,True,FORK,1+1+3,0.799925,a
6227,True,FORK,1+1+3,0.8991,a
6228,True,FORK,1+1+3,0.8900833,a
6229,True,FORK,1+1+3,1.1157583,a
6230,True,FORK,1+1+3,1.1650167,a
6231,True,FORK,1+1+3,1.2025666,a
6232,True,FORK,1+1+3,1.1897917,a
6233,True,FORK,1+1+3,1.303125,a
6234,True,FORK,1+1+3,1.2896083,a
6235,True,FORK,1+1+3,1.2745833,a
6236,True,FORK,6-NOISE,1.4722416,i
6237,True,FORK,6-NOISE,1.447575,i
6238,True,FORK,9-NOISE,1.8621824,i
6239,True,FORK,1+1+3,1.162775,i
6267,True,FORK,9i,0.70375,a
6268,True,FORK,10i,0.7887666,a
6269,True,FORK,9i,0.694425,a
6270,True,FORK,9i,0.734,a
6272,True,FORK,1+1+3,0.8912604,i
6273,True,FORK,1+1+3,0.8523833,i
6274,True,FORK,1+1+3,0.8471417,i
6275,True,FORK,1+1+3,0.8274333,i
6276,True,FORK,1+1+3,0.7919774,i
6277,True,FORK,1+1+3,0.7797583,i
6278,True,FORK,1+1+3,0.8369917,i
6279,True,FORK,6-NOISE,1.0336833,i
6280,True,FORK,1+1+3,0.84015,i
6281,True,FORK,1+1+3,0.8107122,i
6282,True,FORK,1+1+3,0.869675,i
6283,True,FORK,1+1+3,0.787725,a
6284,True,FORK,1+1+3,0.8304167,a
6285,True,FORK,1+1+3,0.8957787,a
6286,True,FORK,1+1+3,1.1795,a
6287,True,FORK,1+1+3,1.1149,a
6288,True,FORK,1+1+3,1.1411583,a
6289,True,FORK,1+1+3,1.125675,a
6290,True,FORK,8D,1.4931167,i
6291,True,FORK,9-NOISE,1.4593583,i
6292,True,FORK,10-NOISE,1.8157834,i
6330,True,FORK,1+1+3,1.3567,i
6331,True,FORK,1+1+3,1.3458955,a
6332,True,FORK,1+1+3,1.3563166,a
6333,True,FORK,1+1+3,1.3053167,i
6334,True,FORK,1+1+3,1.341375,i
6335,True,FORK,1+1+3,1.3566917,i
6336,True,FORK,1+1+3,1.2858417,i
6337,True,FORK,1+1+3,1.3185502,i
6338,True,FORK,1+1+3,1.3523167,i
6339,True,FORK,1+1+3,1.2745834,i
6340,True,FORK,1+1+3,1.2901417,i
6341,True,FORK,1+1+3,1.26988,i
6342,True,FORK,1+1+3,1.23925,i
6343,True,FORK,1+1+3,1.2986333,i
6344,True,FORK,1+1+3,1.2991166,i
6345,True,FORK,1+1+3,1.30265,i
6346,True,FORK,1+1+3,1.2958667,i
6347,True,FORK,1+1+3,1.2840666,i
6348,True,FORK,6-NOISE,1.3853416,i
6349,True,FORK,6-NOISE,1.349475,i
6350,True,FORK,1+1+3,1.2569666,i
6381,True,FORK,8i,0.3570083,a
6382,True,FORK,9i,0.4633583,a
6383,True,FORK,8i,0.3738416,a
6384,True,FORK,9i,0.4501084,a
6390,True,NALGENE,1+1+3,0.7895784,a
6391,True,NALGENE,4R2,0.9918333,a
6392,True,NALGENE,5R3,1.1252333,a
6393,True,NALGENE,2-NOISE,0.1070334,
6394,True,NALGENE,1-NOISE,0.0,
6395,True,NALGENE,3-NOISE,0.3128583,
6396,True,NALGENE,2-NOISE,0.0686583,
6397,True,NALGENE,3-NOISE,0.3489916,
6398,True,NALGENE,3-NOISE,0.3851167,
6399,True,NALGENE,3-NOISE,0.3724807,
6400,True,NALGENE,2-NOISE,0.2117615,
6401,True,NALGENE,9i,0.687925,a
6402,True,,2-NOISE,0.2486007,
6404,True,TWEAK,1+1+3,0.7743333,i
6405,True,TWEAK,1+1+3,0.7578917,i
6406,True,TWEAK,1+1+3,0.69235,a
6431,True,TWEAK,1+1+3,0.7842167,
6432,True,TWEAK,1+1+3,0.7505584,
6433,True,TWEAK,1+1+3,0.7246583,
6434,True,TWEAK,5-NOISE,0.6963917,
6435,True,TWEAK,1+1+3,0.7975417,
6444,True,TWEAK,6i,0.3246834,a
6445,True,TWEAK,5R1,0.3359833,a
6446,True,TWEAK,5R1,0.3643167,a
6447,True,TWEAK,5R1,0.37045,a
6448,True,TWEAK,1+1+3,0.7381834,a
6449,True,TWEAK,6-NOISE,0.887225,
6450,True,TWEAK,1+1+3,0.674065,
6451,True,TWEAK,1+1+3,0.663,a
6453,True,TWEAK,5R1,0.2882167,a
6454,True,TWEAK,5R1,0.345625,a
6455,True,TWEAK,5R1,0.3563667,a
6456,True,TWEAK,5R1,0.3593167,a
6460,True,TWEAK,6i,0.2305284,a
6461,True,TWEAK,9i,0.3288833,a
6462,True,FORK,1+1+3,1.300934,a
6463,True,FORK,1+1+3,1.314225,a
6464,True,FORK,1+1+3,1.285558,a
6465,True,FORK,1+1+3,1.302867,a
6466,True,FORK,1+1+3,1.26735,a
6467,True,FORK,1+1+3,1.284125,a
6468,True,FORK,1+1+3,1.292325,a
6475,True,FORK,1+1+3,1.1989167,a
6476,True,FORK,1+1+3,1.1761584,i
6477,True,FORK,1+1+3,1.1653667,i
6478,True,FORK,1+1+3,1.2098083,a
6486,True,FORK,1+1+3,1.2745,a
6487,True,FORK,1+1+3,1.274625,a
6488,True,FORK,1+1+3,1.3393583,i
6489,True,FORK,1+1+3,1.329525,a
6490,True,FORK,1+1+3,1.325425,a
6491,True,FORK,1+1+3,1.3078584,a
6495,True,FORK,1+1+3,1.330075,a
6496,True,FORK,1+1+3,1.3260365,a
6497,True,FORK,1+1+3,1.2996083,a
6500,True,FORK,1+1+3,1.261975,i
6501,True,FORK,1+1+3,1.2488,i
6502,True,FORK,1+1+3,1.2465667,a
6509,True,FORK,1+1+3,1.2045666,a
6510,True,FORK,1+1+3,1.2031333,a
6511,True,FORK,1+1+3,1.2751083,a
6512,True,FORK,1+1+3,1.2618334,a
6513,True,FORK,1+1+3,1.2998583,a
6514,True,FORK,1+1+3,1.3204667,a
6578,True,FORK,6i,0.523925,a
6579,True,FORK,8i,0.67705,a
6580,True,FORK,9i,0.7117167,a
6582,True,FORK,1+1+3,0.7823666,i
6583,True,FORK,1+1+3,0.8254166,i
6584,True,FORK,1+1+3,0.7618583,i
6585,True,FORK,1+1+3,0.7944679,i
6586,True,FORK,6-NOISE,1.0240417,i
6587,True,FORK,1+1+3,0.8040417,i
6588,True,FORK,1+1+3,0.738475,i
6589,True,FORK,1+1+3,0.7623166,i
6590,True,FORK,1+1+3,0.8043667,i
6591,True,FORK,1+1+3,0.8500333,i
6592,True,FORK,1+1+3,0.900125,i
6593,True,FORK,1+1+3,0.9329917,i
6594,True,FORK,1+1+3,0.9717584,i
6595,True,FORK,1+1+3,0.9998,i
6596,True,FORK,1+1+3,0.9838975,i
6597,True,FORK,1+1+3,0.9981667,i
6598,True,FORK,1+1+3,1.0166084,i
6599,True,FORK,1+1+3,1.0250167,i
6600,True,FORK,1+1+3,1.0894333,i
6601,True,FORK,1+1+3,1.0808167,i
6621,True,FORK,1+1+3,1.2803,a
6622,True,FORK,1+1+3,1.3142333,a
6623,True,FORK,1+1+3,1.3190417,a
6624,True,FORK,1+1+3,1.277225,a
6625,True,FORK,1+1+3,1.2821,a
6626,True,FORK,1+1+3,1.2557917,a
6627,True,FORK,1+1+3,1.2859917,a
6628,True,FORK,1+1+3,1.25155,a
6629,True,FORK,1+1+3,1.2526416,a
6630,True,FORK,1+1+3,1.2709667,a
6631,True,FORK,1+1+3,1.2365334,a
6632,True,FORK,1+1+3,1.2219667,a
6633,True,FORK,1+1+3,1.2018227,a
6634,True,FORK,1+1+3,1.2266416,a
6635,True,FORK,1+1+3,1.2481584,a
6636,True,FORK,1+1+3,1.2688504,a
6637,True,FORK,1+1+3,1.1718321,
6638,True,FORK,1+1+3,1.266275,i
6639,True,FORK,1+1+3,1.28115,i
6640,True,FORK,1+1+3,1.2727833,i
6641,True,FORK,1+1+3,1.2759674,i
6642,True,FORK,1+1+3,1.2856583,a
6643,True,FORK,1+1+3,1.2931333,a
6644,True,FORK,1+1+3,1.1904192,
6645,True,FORK,1+1+3,1.1809584,
6646,True,FORK,1+1+3,1.1562417,i
6647,True,FORK,1+1+3,1.302925,i
6648,True,FORK,1+1+3,1.2842167,i
6649,True,FORK,1+1+3,1.2831334,i
6650,True,FORK,7D2,1.6034416,i
6651,True,FORK,1+1+3,1.1783,a
6652,True,FORK,1+1+3,1.1784333,a
6653,True,FORK,1+1+3,1.1355,a
6675,True,FORK,9i,0.3850584,a
6676,True,FORK,9i,0.4015,a
6677,True,FORK,9i,0.426925,a
6678,True,FORK,9i,0.4140833,a
6681,True,FORK,5R2,0.5169,a
6682,True,FORK,5R2,0.5201416,a
6683,True,FORK,5R2,0.52085,a
6684,True,FORK,5R2,0.4984416,a
6685,True,FORK,5R2,0.4958666,a
6686,True,FORK,5R2,0.4852416,a
6688,True,FORK,1+1+3,0.8372,i
6689,True,FORK,1+1+3,0.7987834,i
6690,True,FORK,1+1+3,0.8128416,i
6691,True,FORK,1+1+3,0.828525,i
6692,True,FORK,1+1+3,0.824425,i
6693,True,FORK,1+1+3,0.7848583,i
6694,True,FORK,5R2,0.5439584,a
6695,True,FORK,5R2,0.5487166,a
6696,True,FORK,5-NOISE,0.6982147,a
6697,True,FORK,1+1+3,0.7722083,a
6698,True,FORK,1+1+3,1.1649,a
6699,True,FORK,1+1+3,1.161175,a
6700,True,FORK,1+1+3,1.1399583,a
6701,True,FORK,1+1+3,1.1531584,a
6702,True,FORK,1+1+3,1.13155,a
6703,True,FORK,1+1+3,1.25605,a
6704,True,FORK,1+1+3,1.19745,a
6705,True,FORK,1+1+3,1.2336584,a
6706,True,FORK,1+1+3,1.2559917,a
6707,True,FORK,1+1+3,1.24645,a
6708,True,FORK,1+1+3,1.254775,a
6709,True,FORK,6-NOISE,1.5032083,i
6710,True,FORK,6-NOISE,1.4693917,i
6711,True,FORK,7D2,1.5676917,i
6712,True,FORK,7D2,1.5293167,i
6713,True,FORK,9-NOISE,1.7775667,i
6714,True,FORK,1+1+3,1.0961417,i
6715,True,FORK,1+1+3,1.121675,i
6716,True,FORK,1+1+3,1.0168334,i
6717,True,FORK,1+1+3,0.9860084,i
6718,True,FORK,1+1+3,1.011075,i
6719,True,FORK,1+1+3,1.002025,i
6720,True,FORK,1+1+3,0.9974917,i
6721,True,FORK,1+1+3,1.0103417,i
6763,True,FORK,1+1+3,1.3368834,a
6764,True,FORK,1+1+3,1.2738917,a
6765,True,FORK,1+1+3,1.2885333,a
6766,True,FORK,1+1+3,1.32125,a
6767,True,FORK,1+1+3,1.301675,a
6768,True,FORK,1+1+3,1.335725,a
6769,True,FORK,1+1+3,1.3247002,a
6770,True,FORK,1+1+3,1.2874395,i
6771,True,FORK,1+1+3,1.294625,i
6772,True,FORK,1+1+3,1.33655,i
6773,True,FORK,1+1+3,1.2991667,i
6782,True,FORK,1+1+3,1.215575,a
6783,True,FORK,7D2,1.4242583,i
6784,True,FORK,8D,1.4060167,i
6785,True,FORK,7D2,1.4148167,i
6794,True,FORK,5R2,0.4901667,a
6795,True,FORK,5R2,0.4837,a
6796,True,FORK,5R2,0.4988667,a
6797,True,FORK,5R2,0.477284,a
6798,True,FORK,5R2,0.5027834,a
6799,True,FORK,5R2,0.486575,a
6805,True,FORK,5R2,0.480025,a
6806,True,FORK,5R2,0.4970166,a
6807,True,FORK,5R2,0.520275,a
6808,True,FORK,5R2,0.5105917,a
6809,True,FORK,5R2,0.5006833,a
6810,True,FORK,5R2,0.4904917,a
6811,True,FORK,5R2,0.4940917,a
6812,True,FORK,6i,0.6410584,a
6813,True,FORK,5R2,0.4718501,a
6814,True,FORK,5R2,0.46625,a
6815,True,FORK,5R2,0.4618,a
6817,True,FORK,1+1+3,0.8057833,i
6818,True,FORK,1+1+3,0.7898834,i
6819,True,FORK,1+1+3,0.7407666,i
6820,True,FORK,1+1+3,0.7728752,i
6832,True,FORK,1+1+3,1.23535,a
6833,True,FORK,1+1+3,1.2256084,a
6834,True,FORK,1+1+3,1.24035,a
6835,True,FORK,1+1+3,1.2427417,a
6836,True,FORK,1+1+3,1.2671333,a
6837,True,FORK,1+1+3,1.2538833,a
6838,True,FORK,1+1+3,1.254825,a
6839,True,FORK,1+1+3,1.2556883,a
6840,True,FORK,1+1+3,1.2605083,a
6841,True,FORK,1+1+3,1.269425,a
6842,True,FORK,1+1+3,1.2473417,a
6843,True,FORK,1+1+3,1.2642084,a
6844,True,FORK,1+1+3,1.2613,a
6859,True,FORK,1+1+3,1.3402152,a
6860,True,FORK,1+1+3,1.2740451,a
6861,True,FORK,1+1+3,1.3172974,a
6866,True,FORK,1+1+3,1.3490416,a
6867,True,FORK,1+1+3,1.3244916,a
6868,True,FORK,1+1+3,1.3375834,a
6869,True,FORK,1+1+3,1.3138,a
6870,True,FORK,1+1+3,1.2774,a
6871,True,FORK,1+1+3,1.320675,a
6872,True,FORK,1+1+3,1.2428758,a
6873,True,FORK,1+1+3,1.2376333,a
6874,True,FORK,1+1+3,1.2293417,a
6887,True,FORK,1+1+3,1.3656167,a
6888,True,FORK,1+1+3,1.34805,a
6889,True,FORK,8i,0.3511917,a
6890,True,FORK,8i,0.356175,a
6891,True,FORK,9i,0.399975,a
6892,True,FORK,8i,0.3662416,a
6893,True,PINCHY,9i,0.585725,i
6894,True,PINCHY,9i,0.6383083,i
6895,True,PINCHY,5R2,0.5067771,i
6896,True,PINCHY,5R2,0.4788667,i
6897,True,PINCHY,5R2,0.5400417,i
6898,True,PINCHY,1+1+3,1.0785417,i
6899,True,PINCHY,1+1+3,1.1786861,i
6900,True,PINCHY,1+1+3,1.1852458,a
6901,True,PINCHY,1+1+3,1.1748703,a
6902,True,PINCHY,1+1+3,1.1848333,a
6903,True,PINCHY,1+1+3,1.1856,a
6904,True,PINCHY,1+1+3,1.2150417,a
6905,True,PINCHY,1+1+3,0.9390916,i
6906,True,PINCHY,1+1+3,1.0442583,i
6907,True,PINCHY,1+1+3,1.174525,i
6908,True,PINCHY,1+1+3,1.2054333,i
6909,True,PINCHY,1+1+3,1.24815,i
6910,True,PINCHY,1+1+3,1.2559417,i
6911,True,PINCHY,1+1+3,1.2924,i
6912,True,PINCHY,1+1+3,1.315475,a
6913,True,PINCHY,1+1+3,1.3000166,a
6914,True,PINCHY,1+1+3,1.2400167,i
6930,True,PINCHY,1+1+3,1.2330978,a
6931,True,PINCHY,1+1+3,1.2414952,a
6932,True,PINCHY,1+1+3,1.233825,i
6933,True,PINCHY,1+1+3,1.24485,i
6934,True,PINCHY,1+1+3,1.263225,i
6935,True,PINCHY,1+1+3,1.2867,i
6936,True,PINCHY,1+1+3,1.2764916,i
6937,True,PINCHY,1+1+3,1.2991917,a
6940,True,PINCHY,1+1+3,1.2013667,a
6941,True,PINCHY,1+1+3,1.17455,a
6942,True,PINCHY,1+1+3,1.1771417,a
6943,True,PINCHY,1+1+3,1.1958196,a
6944,True,PINCHY,1+1+3,1.2514208,
6945,True,PINCHY,1+1+3,1.1323696,i
6946,True,PINCHY,1+1+3,1.2018667,a
6947,True,PINCHY,1+1+3,1.2085834,i
6948,True,PINCHY,1+1+3,1.23505,i
6949,True,PINCHY,1+1+3,1.253575,i
6950,True,PINCHY,1+1+3,1.268075,i
6951,True,PINCHY,1+1+3,1.2701917,i
6952,True,PINCHY,1+1+3,1.2988584,a
6953,True,PINCHY,1+1+3,1.3088,a
6954,True,PINCHY,1+1+3,1.308325,a
6955,True,PINCHY,1+1+3,1.3078916,a
6956,True,PINCHY,1+1+3,1.3087,i
6957,True,PINCHY,1+1+3,1.32375,i
6958,True,PINCHY,7i,0.5498084,i
6969,True,PINCHY,1+1+3,1.1702167,i
6970,True,PINCHY,1+1+3,1.2113167,i
6971,True,PINCHY,1+1+3,1.2037167,i
6972,True,PINCHY,1+1+3,1.1644167,i
6973,True,PINCHY,1+1+3,1.1996833,i
6974,True,PINCHY,1+1+3,1.1999166,i
6975,True,PINCHY,1+1+3,1.2217333,i
6976,True,PINCHY,1+1+3,1.2137584,i
6977,True,PINCHY,1+1+3,1.2271333,i
6998,True,PINCHY,1+1+3,1.2043833,a
6999,True,PINCHY,1+1+3,1.1902166,a
7000,True,PINCHY,1+1+3,1.2035833,a
7001,True,PINCHY,1+1+3,1.16895,a
7002,True,PINCHY,1+1+3,1.250275,a
7007,True,PINCHY,9i,0.398175,a
7008,True,PINCHY,8i,0.3775166,a
7009,True,PINCHY,8i,0.3582833,a
7010,True,PINCHY,8i,0.3617833,a
7011,True,PINCHY,5R1,0.3268417,a
7012,True,PINCHY,5R1,0.3342909,a
7013,True,PINCHY,5R1,0.3284584,a
7014,True,PINCHY,5R1,0.3225417,a
7015,True,PINCHY,5R1,0.31745,a
7016,True,PINCHY,5R1,0.311925,a
7017,True,PINCHY,5R1,0.3121417,a
7018,True,PINCHY,5R1,0.3214333,a
7059,True,PINCHY,1+1+3,1.3226417,i
7060,True,PINCHY,1+1+3,1.2644416,i
7061,True,PINCHY,1+1+3,1.2528333,i
7062,True,PINCHY,1+1+3,1.2615333,i
7063,True,PINCHY,1+1+3,1.336875,a
7064,True,PINCHY,1+1+3,1.333,a
7065,True,PINCHY,1+1+3,1.1831167,i
7066,True,PINCHY,1+1+3,1.2610666,i
7067,True,PINCHY,1+1+3,1.2505333,i
7068,True,PINCHY,1+1+3,1.2901084,a
7069,True,PINCHY,1+1+3,1.343025,i
7070,True,PINCHY,1+1+3,1.3436011,a
7071,True,PINCHY,1+1+3,1.3557084,a
7072,True,PINCHY,1+1+3,1.361975,a
7073,True,PINCHY,1+1+3,1.3916417,a
7077,True,PINCHY,1+1+3,1.242825,i
7078,True,PINCHY,1+1+3,1.2303167,i
7079,True,PINCHY,1+1+3,1.2203583,i
7083,True,PINCHY,1+1+3,1.204675,i
7084,True,PINCHY,1+1+3,1.1973,i
7085,True,PINCHY,1+1+3,1.1702584,i
7104,True,PINCHY,1+1+3,0.9768417,i
7105,True,PINCHY,1+1+3,1.0156916,i
7106,True,PINCHY,1+1+3,0.97785,i
7107,True,PINCHY,1+1+3,0.9016,i
7108,True,PINCHY,1+1+3,1.1459917,i
7109,True,PINCHY,1+1+3,1.113975,i
7110,True,PINCHY,1+1+3,1.1286583,i
7111,True,PINCHY,1+1+3,1.1107,i
7112,True,PINCHY,1+1+3,1.1361,i
7113,True,PINCHY,4-NOISE,1.021625,i
7114,True,PINCHY,1+1+3,1.2857521,a
7115,True,PINCHY,1+1+3,1.3125418,a
7116,True,PINCHY,1+1+3,1.3472923,a
7117,True,PINCHY,1+1+3,1.337425,a
7118,True,PINCHY,1+1+3,1.2884917,a
7119,True,PINCHY,1+1+3,1.3087139,a
7158,True,PINCHY,1+1+3,1.2517583,a
7159,True,PINCHY,1+1+3,1.193525,a
7160,True,PINCHY,1+1+3,1.212525,a
7161,True,PINCHY,1+1+3,1.2450834,a
7165,True,PINCHY,5R1,0.3331599,a
7166,True,PINCHY,5R1,0.3298425,a
7167,True,PINCHY,5R1,0.327625,a
7171,True,PINCHY,5R1,0.3021,a
7172,True,PINCHY,5R1,0.3154091,a
7173,True,PINCHY,5R1,0.3181402,a
7174,True,PINCHY,5R1,0.3116478,a
7175,True,PINCHY,5R1,0.3118443,a
7178,True,PINCHY,1+1+3,1.2625159,a
7179,True,PINCHY,1+1+3,1.313875,a
7180,True,PINCHY,1+1+3,1.367825,a
7181,True,PINCHY,1+1+3,1.2625397,a
7182,True,PINCHY,1+1+3,1.2695587,a
7183,True,PINCHY,1+1+3,1.2806466,a
7184,True,PINCHY,1+1+3,1.2778008,a
7185,True,PINCHY,1+1+3,1.2673084,a
7186,True,PINCHY,1+1+3,1.268425,a
7187,True,PINCHY,1+1+3,1.2710084,a
7205,True,PINCHY,5R1,0.3375981,a
7206,True,PINCHY,5R1,0.354152,a
7207,True,PINCHY,5R1,0.3245558,a
7208,True,PINCHY,5R1,0.3271114,a
7209,True,PINCHY,5R1,0.3358957,a
7210,True,PINCHY,5R1,0.3270657,a
7211,True,PINCHY,5R1,0.3427528,a
7227,True,FORK,1+1+3,1.0008622,
7228,True,FORK,1+1+3,0.9700084,
7229,True,FORK,1+1+3,0.984825,i
7230,True,FORK,1+1+3,0.959975,i
7231,True,FORK,1+1+3,0.9453416,i
7232,True,FORK,1+1+3,0.9859584,
7233,True,FORK,1+1+3,0.9604083,i
7234,True,FORK,1+1+3,0.983475,
7235,True,FORK,1+1+3,0.9423083,i
7236,True,FORK,1+1+3,0.9687667,i
7237,True,FORK,1+1+3,1.08825,a
7238,True,FORK,1+1+3,1.154405,a
7239,True,FORK,1+1+3,1.1855,a
7284,True,FORK,1+1+3,1.204325,a
7285,True,FORK,1+1+3,1.1901833,i
7286,True,FORK,1+1+3,1.2035333,i
7287,True,FORK,1+1+3,1.1689835,i
7288,True,FORK,1+1+3,1.2502417,i
7297,True,FORK,5R2,0.4587898,a
7298,True,FORK,5R2,0.4583686,a
7299,True,FORK,5R2,0.4659613,a
7300,True,FORK,5R2,0.484075,a
7379,True,FORK,9i,0.40325,a
7380,True,FORK,9i,0.3952583,a
7381,True,FORK,9i,0.4078,a
7382,True,FORK,8i,0.3462333,a
7383,True,FORK,8i,0.374225,a
7384,True,FORK,8i,0.4262417,a
7385,True,FORK,5R2,0.4898833,a
7386,True,FORK,5R2,0.4930333,a
7387,True,FORK,5R2,0.500125,a
7388,True,FORK,5R2,0.4927833,a
7389,True,FORK,5R2,0.498175,a
7390,True,FORK,5R2,0.501525,a
7391,True,FORK,5R2,0.508275,a
7452,True,FORK,5R1,0.3331461,
7453,True,FORK,5R1,0.3298916,
7454,True,FORK,5R1,0.3275084,
7458,True,FORK,5R2,0.50715,
7459,True,FORK,5R2,0.5066666,
7486,True,,1-NOISE,0.0,
7523,True,TBB,1+1+3,1.2664417,a
7524,True,TBB,1+1+3,1.2819416,a
7525,True,TBB,1+1+3,1.2381167,a
7526,True,TBB,1+1+3,1.2361916,a
7527,True,TBB,1+1+3,1.2690167,a
7551,True,TBB,7i,0.3939667,a
7552,True,TBB,5R1,0.3608417,a
7553,True,TBB,5R1,0.327325,a
7554,True,TBB,5R1,0.323,a
7555,True,TBB,5R1,0.3360333,a
7556,True,TBB,5R1,0.3097584,a
7557,True,TBB,5R1,0.3122584,i
7558,True,TBB,5R1,0.3278,i
7559,True,TBB,5R1,0.3297083,i
7564,True,TBB,5R1,0.3294833,a
7565,True,TBB,5R1,0.3300584,a
7566,True,TBB,5R1,0.327,a
7567,True,TBB,5R1,0.3216083,a
7568,True,TBB,5R1,0.3327166,a
7569,True,TBB,5R1,0.3222083,a
7570,True,TBB,5R1,0.3349068,a
7571,True,TBB,5R1,0.327725,a
7572,True,TBB,5R1,0.32415,a
7573,True,TBB,5R1,0.3155333,a
7584,True,TBB,1+1+3,1.0367666,i
7585,True,TBB,1+1+3,1.010813,i
7586,True,TBB,1+1+3,0.9998,i
7587,True,TBB,1+1+3,0.9815167,i
7588,True,TBB,1+1+3,0.982525,i
7589,True,TBB,1+1+3,1.0074667,i
7590,True,TBB,1+1+3,0.9837834,i
7591,True,TBB,1+1+3,0.9720084,i
7607,True,TBB,5R1,0.3838083,a
7608,True,TBB,5R1,0.3689834,a
7609,True,TBB,5R1,0.3343,a
7610,True,TBB,5R1,0.3368,a
7611,True,TBB,5R1,0.3710417,a
7612,True,TBB,5R1,0.3350833,a
7619,True,TBB,5-NOISE,0.3815833,a
7620,True,TBB,5R1,0.3211417,i
7621,True,TBB,5R1,0.323225,i
7622,True,TBB,5R1,0.3237319,i
7623,True,TBB,5R1,0.31055,i
7624,True,TBB,5R1,0.3079917,i
7625,True,TBB,5R1,0.3120584,i
7626,True,TBB,5R1,0.3025833,i
7627,True,TBB,5R1,0.3070833,i
7628,True,TBB,5R1,0.3094,i
7629,True,TBB,5R1,0.3124833,i
7642,True,SAM,5R1,0.3131833,i
7643,True,SAM,5R1,0.3136713,a
7644,True,SAM,5R1,0.3179034,
7645,True,SAM,5R1,0.3283661,a
7655,True,SAM,5R1,0.3294083,a
7656,True,SAM,5R1,0.3300084,a
7657,True,SAM,5R1,0.3269333,a
7658,True,SAM,5R1,0.3215334,a
7659,True,SAM,5R1,0.332825,a
7660,True,SAM,5R1,0.3222,
7661,True,SAM,5R1,0.3152083,a
7662,True,SAM,5R1,0.32245,a
7663,True,SAM,5R1,0.31405,a
7664,True,SAM,5R1,0.3262917,a
7671,True,SAM,7i,0.322875,a
7672,True,SAM,7i,0.332025,a
7673,True,SAM,5R1,0.3284583,a
7674,True,SAM,5R1,0.3300083,a
7675,True,SAM,5R1,0.3315917,a
7676,True,SAM,5R1,0.3382083,a
7677,True,SAM,5R1,0.3291417,a
7678,True,SAM,5R1,0.307175,a
7679,True,SAM,5R1,0.3053,a
7680,True,SAM,5R1,0.3226917,a
7681,True,SAM,5R1,0.3200334,a
7682,True,SAM,5R1,0.3170917,a
7689,True,SAM,5R1,0.3170666,a
7690,True,SAM,5R1,0.3271334,a
7691,True,SAM,5R1,0.3275461,a
7692,True,SAM,5R1,0.3182084,a
7693,True,SAM,5R1,0.3223,a
7694,True,SAM,5R1,0.3196417,a
7695,True,SAM,5R1,0.3242667,a
7696,True,SAM,5R1,0.3145833,a
7697,True,SAM,5R1,0.329275,a
7698,True,SAM,5R1,0.33005,a
7699,True,SAM,5R1,0.334525,a
7700,True,SAM,5R1,0.3340666,a
7712,True,SAM,1+1+3,0.9017583,a
7713,True,SAM,1+1+3,0.9000833,a
7714,True,SAM,2+3,0.6686917,i
7715,True,SAM,2+3,0.6097333,i
7716,True,SAM,1+1+3,1.1370206,i
7730,True,SAM,5R1,0.3256328,i
7731,True,SAM,5R1,0.3324417,a
7732,True,SAM,5R1,0.3305666,a
7733,True,SAM,5R1,0.3342667,a
7734,True,SAM,5R1,0.3184667,a
7735,True,SAM,5R1,0.3222083,a
7736,True,SAM,5R1,0.3090667,a
7737,True,SAM,5R1,0.31685,a
7738,True,SAM,5R1,0.3185666,a
7739,True,SAM,5R1,0.3146167,a
7740,True,SAM,5R1,0.3137584,a
7770,True,TBB,8i,0.3883416,a
7771,True,TBB,5R1,0.3307417,a
7772,True,TBB,5R1,0.3267833,a
7773,True,TBB,5R1,0.3266667,a
7774,True,TBB,5R1,0.3254917,a
7775,True,TBB,5R1,0.3180584,a
7776,True,TBB,6i,0.4363334,a
7784,True,TBB,5R1,0.327575,a
7785,True,TBB,5R1,0.3044833,a
7786,True,TBB,5R1,0.3086916,a
7787,True,TBB,1+1+3,0.7435,a
7788,True,TBB,1+1+3,0.7120333,a
7807,True,TBB,6i,0.4678583,a
7808,True,TBB,5R1,0.3402084,a
7809,True,TBB,5R1,0.337875,a
7814,True,LAIUS,1+1+3,1.4187186,
7815,True,LAIUS,1+1+3,1.4175833,
7816,True,LAIUS,1+1+3,1.3804084,
7817,True,LAIUS,1+1+3,1.4151532,
7818,True,LAIUS,1+1+3,1.4123083,
7819,True,LAIUS,1+1+3,1.3934416,
7820,True,LAIUS,1+1+3,1.39545,
7821,True,LAIUS,1+1+3,1.408525,
7822,True,LAIUS,1+1+3,1.389875,
7823,True,LAIUS,1+1+3,1.4082833,
7833,True,LAIUS,1+1+3,1.1636603,i
7834,True,LAIUS,1+1+3,1.1683333,
7841,True,LAIUS,1+1+3,0.8384833,a
7842,True,LAIUS,1+1+3,0.8152833,a
7843,True,LAIUS,1+1+3,0.8083916,a
7844,True,LAIUS,1+1+3,0.8038083,a
7845,True,LAIUS,1+1+3,0.806875,a
7846,True,LAIUS,1+1+3,0.8690416,a
7847,True,LAIUS,1+1+3,0.7707167,a
7848,True,LAIUS,1+1+3,0.7434667,a
7849,True,LAIUS,1+1+3,0.7325083,a
7850,True,LAIUS,1+1+3,0.7273171,a
7851,True,LAIUS,1+1+3,0.7310833,i
7852,True,LAIUS,1+1+3,0.742475,i
7853,True,LAIUS,1+1+3,0.7412583,
7872,True,SOPH,5R1,0.305075,a
7873,True,SOPH,5R1,0.3006584,a
7874,True,SOPH,1+1+3,0.68315,
7875,True,SOPH,1+1+3,0.7081417,
7876,True,SOPH,1+1+3,0.7281333,
7877,True,SOPH,1+1+3,0.73281,
7878,True,SOPH,1+1+3,0.7402584,
7879,True,SOPH,1+1+3,0.7388,
7880,True,SOPH,1+1+3,0.7183584,
7881,True,SOPH,1+1+3,0.7383083,
7882,True,SOPH,1+1+3,0.7345833,
7883,True,SOPH,1+1+3,0.7225417,
7884,True,SOPH,1+1+3,0.71765,
7885,True,SOPH,5R1,0.2999083,a
7886,True,SOPH,5R1,0.299704,a
7887,True,SOPH,5R1,0.2994296,a
7905,True,SOPH,5R1,0.3238936,a
7906,True,SOPH,5R1,0.3175083,a
7915,True,SOPH,1+1+3,0.8684333,
7916,True,SOPH,1+1+3,0.9778728,
7917,True,SOPH,1+1+3,0.8301261,
7918,True,SOPH,1+1+3,0.814326,
7919,True,SOPH,1+1+3,0.8012167,
7920,True,SOPH,1+1+3,0.7796557,
7921,True,SOPH,1+1+3,0.7907666,
7922,True,SOPH,1+1+3,0.7599333,
7923,True,SOPH,1+1+3,0.7598417,
7924,True,SOPH,1+1+3,0.761675,i
7925,True,SOPH,1+1+3,0.7832083,i
7926,True,SOPH,1+1+3,0.7492084,i
7927,True,SOPH,1+1+3,0.7906584,i
7928,True,SOPH,1+1+3,0.765075,i
7929,True,SOPH,1+1+3,0.78165,i
7930,True,SOPH,1+1+3,0.768474,i
7931,True,SOPH,1+1+3,0.7639583,i
7932,True,SOPH,1+1+3,0.7959417,i
7933,True,SOPH,1+1+3,0.8056583,i
7934,True,SOPH,1+1+3,0.8082583,i
7935,True,SOPH,1+1+3,0.8133,i
7936,True,SOPH,1+1+3,0.8377,i
7937,True,SOPH,1+1+3,0.85555,i
8016,True,SOPH,8i,0.3454833,a
8017,True,SOPH,8i,0.3718167,a
8018,True,SOPH,5R1,0.313525,a
8019,True,SOPH,5R1,0.3141238,a
8020,True,SOPH,6i,0.3860833,a
8021,True,SOPH,6i,0.3664166,a
8024,True,SOPH,6i,0.4215019,a
8025,True,SOPH,1+1+3,0.6940583,
8026,True,SOPH,1+1+3,0.6987031,
8027,True,SOPH,1+1+3,0.72046,
8028,True,SOPH,1+1+3,0.7228134,
8034,True,,6R,1.3391174,
8035,True,,5R3,1.1610584,
8036,True,,5-NOISE,1.6623334,
8037,True,,4R2,1.2236334,
8038,True,,4R2,1.131719,
8039,True,,5-NOISE,1.9927167,
8040,True,,5-NOISE,2.015725,
8048,True,,5R3,1.3665334,
8049,True,,4-NOISE,1.5024167,
8050,True,,4R2,1.4019333,
8063,True,,8-NOISE,2.08625,
8064,True,,5R3,1.1856,
8065,True,,5R3,1.1955834,
8066,True,,5R3,1.1570083,
8067,True,,5R3,1.1509417,
8068,True,,5R3,1.192325,
8069,True,,5R3,1.198625,
8076,True,,9R,1.4466834,
8077,True,,10R,1.5668667,
8078,True,,9R,1.4508333,
8079,True,,10R,1.6084333,
8080,True,,10R,1.6013333,
8081,True,,9R,1.4461833,
8082,True,,5R3,1.1605167,
8089,True,,5R3,1.1658084,
8090,True,,5R3,1.1155417,
8091,True,,5R3,1.0691833,
8093,True,,5R3,1.1040917,
8111,True,,5-NOISE,2.040725,
8112,True,,5-NOISE,1.9608,
8118,True,,4R2,0.998775,
8119,True,,5R3,1.2848667,
8120,True,,5R3,1.3199917,
8121,True,,5R3,1.24165,
8122,True,,5R3,1.2173583,
8123,True,,5R3,1.1774417,
8124,True,,5R3,1.1688333,
8125,True,,5R3,1.1525916,
8126,True,,5R3,1.1149333,
8127,True,,5R3,1.128825,
8128,True,,5R3,1.3271334,
8129,True,,5R3,1.1272391,
8130,True,,5R3,1.077903,
8156,True,,6R,1.37125,
8157,True,,5R3,1.07965,
8158,True,,5R3,1.1056666,
8159,True,,5R3,1.11065,
8169,True,FRUIT,9i,0.3866083,a
8170,True,FRUIT,8i,0.3959322,a
8171,True,FRUIT,9i,0.4029986,a
8172,True,FRUIT,10i,0.4446583,a
8173,True,FRUIT,9i,0.3566417,a
8174,True,FRUIT,9i,0.3996667,a
8175,True,FRUIT,10i,0.4263812,a
8176,True,FRUIT,7i,0.3284,a
8177,True,FRUIT,4R2,0.9275084,a
8178,True,FRUIT,4R2,0.8904166,a
8179,True,FRUIT,4R2,0.8458417,a
8180,True,FRUIT,4R2,0.78475,a
8181,True,FRUIT,4R2,0.7779417,a
8182,True,FRUIT,4R2,0.7663,a
8183,True,FRUIT,4R2,0.783075,a
8205,True,FRUIT,5R1,0.3151417,i
8206,True,FRUIT,5R1,0.309175,i
8207,True,FRUIT,5R1,0.3208083,
8208,True,FRUIT,5R1,0.3119667,a
8209,True,FRUIT,5R1,0.3283,a
8210,True,FRUIT,5R1,0.3396666,a
8211,True,FRUIT,5R1,0.3246333,a
8212,True,FRUIT,4R2,1.4353083,a
8213,True,FRUIT,4R2,1.291125,a
8214,True,FRUIT,4R2,1.1979666,a
8215,True,FRUIT,4R2,1.3189334,a
8232,True,FRUIT,4-NOISE,0.9692794,
8233,True,FRUIT,1+1+3,1.3695083,a
8234,True,FRUIT,1+1+3,1.3552619,i
8235,True,FRUIT,1+1+3,1.3196939,i
8236,True,FRUIT,1+1+3,1.29595,
8237,True,FRUIT,5-NOISE,0.7009417,a
8238,True,FRUIT,6-NOISE,0.934675,a
8239,True,FRUIT,4R2,1.137375,
8240,True,FRUIT,1+1+3,1.1109667,
8241,True,FRUIT,1+1+3,1.1351917,i
8242,True,FRUIT,1+1+3,1.1714,i
8243,True,FRUIT,4R2,1.1274417,
8244,True,FRUIT,1+1+3,1.1556334,
8245,True,FRUIT,4R2,1.125195,
8246,True,FRUIT,4R2,1.1164636,
8247,True,FRUIT,4R2,1.1598084,
8248,True,FRUIT,4R2,1.1430333,
8249,True,FRUIT,1+1+3,1.1213667,
8262,True,FRUIT,5R1,0.3248597,
8263,True,FRUIT,5R1,0.288506,
8264,True,FRUIT,5R1,0.3129689,
8265,True,FRUIT,5R1,0.3191655,
8266,True,FRUIT,5R1,0.3273466,
8274,True,SOURSOP,5R3,1.3675153,
8275,True,SOURSOP,4R2,1.0628417,
8276,True,SOURSOP,4R2,1.0360334,
8277,True,SOURSOP,4R2,0.9952309,
8278,True,SOURSOP,4R2,1.0461902,
8279,True,SOURSOP,4R2,1.0249117,
8280,True,SOURSOP,4R2,1.0348282,
8281,True,SOURSOP,1+1+3,1.0387248,
8282,True,SOURSOP,1+1+3,1.1289154,
8283,True,SOURSOP,4R2,1.0747273,
8284,True,SOURSOP,4R2,1.041175,
8285,True,SOURSOP,1+1+3,0.9650085,
8286,True,SOURSOP,1+1+3,0.969575,
8302,True,SOURSOP,1+1+3,0.8510334,
8303,True,SOURSOP,1+1+3,0.8491584,
8304,True,SOURSOP,6-NOISE,1.089978,
8305,True,SOURSOP,1+1+3,0.7759865,
8306,True,SOURSOP,1+1+3,0.648575,
8307,True,SOURSOP,1+1+3,0.824675,
8308,True,SOURSOP,1+1+3,0.78215,
8309,True,SOURSOP,1+1+3,0.8158686,
8324,True,SOURSOP,4R2,1.196175,
8325,True,SOURSOP,4R2,1.1933816,
8326,True,SOURSOP,4R2,1.1655,
8327,True,SOURSOP,8i,0.3050584,a
8328,True,SOURSOP,6i,0.3541658,a
8329,True,SOURSOP,5R1,0.2857117,a
8330,True,SOURSOP,6i,0.4098118,a
8331,True,SOURSOP,5R1,0.3363752,a
8337,True,SOURSOP,5R1,0.2804667,a
8338,True,SOURSOP,5R1,0.3092083,a
8339,True,SOURSOP,5R1,0.355075,a
8340,True,SOURSOP,5R1,0.3218416,a
8341,True,SOURSOP,5R1,0.3042741,a
8342,True,SOPH,4-NOISE,0.6328417,
8343,True,JOCASTA,1+1+3,1.4632083,a
8344,True,JOCASTA,1+1+3,1.42855,a
8345,True,JOCASTA,1+1+3,1.4810083,a
8346,True,JOCASTA,1+1+3,1.4154667,a
8347,True,JOCASTA,1+1+3,1.441425,a
8348,True,JOCASTA,1+1+3,1.427875,a
8349,True,JOCASTA,1+1+3,1.3927667,a
8350,True,JOCASTA,1+1+3,1.4139,a
8351,True,JOCASTA,1+1+3,1.383025,a
8352,True,JOCASTA,1+1+3,1.3399529,a
8353,True,JOCASTA,1+1+3,1.3374889,a
8354,True,JOCASTA,1+1+3,1.3695667,a
8355,True,JOCASTA,1+1+3,1.3160387,a
8371,True,JOCASTA,1+1+3,1.4754166,a
8372,True,JOCASTA,1+1+3,1.4485595,a
8373,True,JOCASTA,1+1+3,1.4612916,a
8374,True,JOCASTA,6-NOISE,1.6346084,a
8375,True,JOCASTA,1+1+3,1.3602667,a
8383,True,JOCASTA,5R1,0.3345,a
8384,True,JOCASTA,5R1,0.3138334,a
8385,True,JOCASTA,5R1,0.3207666,a
8386,True,JOCASTA,5R1,0.324,a
8387,True,JOCASTA,5R1,0.3419166,a
8388,True,JOCASTA,5R1,0.3077167,a
8389,True,JOCASTA,5R1,0.3280417,a
8390,True,JOCASTA,1+1+3,1.5145833,a
8391,True,JOCASTA,1+1+3,1.471675,a
8392,True,JOCASTA,1+1+3,1.4236584,a
8393,True,LADYO,3D,0.298584,a
8394,True,LADYO,3D,0.303904,a
8395,True,LADYO,3D,0.304896,a
8396,True,LADYO,3D,0.314048,a
8397,True,LADYO,3D,0.31324,a
8398,True,LADYO,3D,0.335296,a
8399,True,LADYO,3D,0.3308464,a
8438,True,,1+1+3,1.4269584,
8439,True,,1+1+3,1.4582898,
8440,True,,1+1+3,1.460525,
8441,True,,1+1+3,1.4442666,
8442,True,,1+1+3,1.4210916,
8443,True,,1+1+3,1.4145,
8444,True,,1+1+3,1.4401,
8445,True,,1+1+3,1.5164972,
8446,True,,1+1+3,1.4746834,
8447,True,,1+1+3,1.429825,
8448,True,,1+1+3,1.4670916,
8449,True,,1+1+3,1.478325,
8450,True,,3R,0.1348554,
8451,True,,3R,0.1544416,
8452,True,,1+1+3,1.15435,
8453,True,,1+1+3,1.1585583,
8454,True,,1+1+3,1.1502916,
8471,True,,1+1+3,1.4134417,
8472,True,,1+1+3,1.3902167,
8473,True,,1+1+3,1.3678333,
8474,True,,1+1+3,1.3825417,
8475,True,,1+1+3,1.3475416,
8476,True,,6-NOISE,1.8232,
8477,True,,1+1+3,1.398325,
8478,True,,1+1+3,1.3390833,
8479,True,,5R2,0.5209667,
8480,True,,5R2,0.5359333,
8481,True,,5R2,0.53725,
8482,True,,5R2,0.51375,
8483,True,,5R2,0.5205666,
8504,True,,1+1+3,1.5505599,
8505,True,,1+1+3,1.5186266,
8506,True,,1+1+3,1.522225,
8507,True,,5-NOISE,1.5451583,
8508,True,,1+1+3,1.4762833,
8509,True,,1+1+3,1.3440323,
8510,True,,1+1+3,1.2848583,
8511,True,,1+1+3,1.3292917,
8512,True,,1+1+3,1.3619083,
8513,True,,1+1+3,1.3205417,
8514,True,,1+1+3,1.3449167,
8515,True,,1+1+3,1.3434416,
8516,True,,8i,0.3719417,
8517,True,,5R1,0.313575,
8518,True,,5R1,0.3031084,
8519,True,,5R1,0.314625,
8520,True,,5R1,0.327025,
8521,True,,5R1,0.318675,
8522,True,,5R1,0.32675,
8523,True,,5R1,0.3271,
8524,True,,5R1,0.3335834,
8525,True,,5R1,0.325975,
8526,True,,5R1,0.334525,
8527,True,,5R1,0.3226917,
8528,True,,5R1,0.3413583,
8529,True,,5R1,0.3201583,
8530,True,,5R1,0.33375,
8531,True,,7i,0.457975,
8532,True,,7i,0.4560917,
8533,True,TBB,1+1+3,1.42695,a
8534,True,TBB,1+1+3,1.458275,a
8535,True,TBB,1+1+3,1.4602833,a
8536,True,TBB,1+1+3,1.4440084,a
8537,True,TBB,1+1+3,1.4210833,a
8538,True,TBB,1+1+3,1.4142833,a
8539,True,TBB,1+1+3,1.4400333,a
8540,True,TBB,1+1+3,1.5162833,a
8541,True,TBB,1+1+3,1.4745333,a
8542,True,TBB,1+1+3,1.4296833,a
8543,True,TBB,1+1+3,1.4669667,a
8544,True,TBB,1+1+3,1.4782916,a
8545,True,TBB,1+1+3,1.0046542,a
8546,True,TBB,1+1+3,1.0186583,a
8547,True,TBB,1+1+3,1.0521334,a
8548,True,TBB,1+1+3,1.1337917,a
8549,True,TBB,1+1+3,1.1657334,a
8550,True,TBB,1+1+3,1.2225584,i
8551,True,TBB,1+1+3,1.2048583,i
8552,True,TBB,1+1+3,1.2611584,a
8553,True,TBB,1+1+3,1.2670333,a
8554,True,TBB,1+1+3,1.2694334,a
8555,True,TBB,1+1+3,1.27,a
8556,True,TBB,1+1+3,1.2989084,a
8557,True,TBB,1+1+3,1.2848666,i
8558,True,TBB,1+1+3,1.2919667,i
8559,True,TBB,1+1+3,1.2766917,i
8560,True,TBB,1+1+3,1.255275,i
8566,True,TBB,1+1+3,1.4138333,a
8567,True,TBB,1+1+3,1.3901084,a
8568,True,TBB,1+1+3,1.3676917,a
8569,True,TBB,1+1+3,1.3824583,a
8570,True,TBB,1+1+3,1.3474917,i
8571,True,TBB,6-NOISE,1.8232916,i
8572,True,TBB,1+1+3,1.3982334,a
8573,True,TBB,1+1+3,1.33905,a
8574,True,TBB,1+1+3,0.7989781,
8610,True,TBB,8i,0.3718583,a
8611,True,TBB,5R1,0.313525,a
8612,True,TBB,5R1,0.3031083,a
8613,True,TBB,5R1,0.3146417,a
8614,True,TBB,5R1,0.3270083,a
8615,True,TBB,5R1,0.31865,a
8616,True,TBB,5R1,0.3267004,a
8617,True,TBB,5R1,0.3270666,a
8618,True,TBB,5R1,0.333575,a
8619,True,TBB,5R1,0.32595,a
8620,True,TBB,5R1,0.334525,a
8621,True,TBB,5R1,0.3226583,a
8622,True,TBB,5R1,0.3413417,a
8623,True,TBB,5R1,0.32015,a
8624,True,TBB,5R1,0.3335834,a
8625,True,TBB,7i,0.4581,a
8626,True,TBB,7i,0.4559166,a
8627,True,JOCASTA,5R1,0.3253667,a
8628,True,JOCASTA,6i,0.4233177,a
8629,True,JOCASTA,5R1,0.3216083,a
8630,True,JOCASTA,5R1,0.3085167,a
8631,True,JOCASTA,1+1+3,1.5589,i
8632,True,JOCASTA,1+1+3,1.6086333,i
8633,True,JOCASTA,1+1+3,1.5950417,
8634,True,JOCASTA,1+1+3,1.5420916,
8635,True,JOCASTA,1+1+3,1.4976584,
8636,True,JOCASTA,1+1+3,1.5481166,i
8637,True,JOCASTA,1+1+3,1.5432667,i
8638,True,JOCASTA,1+1+3,1.5625084,i
8639,True,JOCASTA,1+1+3,1.5919667,i
8640,True,JOCASTA,1+1+3,1.557875,i
8641,True,JOCASTA,7D2,1.5733833,i
8643,True,JOCASTA,6i,0.2175083,a
8644,True,JOCASTA,5R1,0.3131333,a
8645,True,JOCASTA,5R1,0.307825,a
8646,True,JOCASTA,5R1,0.3043583,a
8647,True,JOCASTA,5R1,0.3163417,a
8648,True,JOCASTA,5R1,0.3181334,a
8649,True,JOCASTA,5R1,0.3285583,a
8650,True,JOCASTA,5R1,0.3191416,a
8651,True,JOCASTA,5R1,0.3088333,a
8652,True,JOCASTA,5R1,0.3263318,a
8653,True,JOCASTA,5R1,0.3341,a
8654,True,JOCASTA,5R1,0.3260834,a
8667,True,JOCASTA,5R1,0.318275,a
8668,True,JOCASTA,5R1,0.3137917,a
8669,True,JOCASTA,5R1,0.3328473,a
8670,True,JOCASTA,5R1,0.3218961,a
8837,True,LAIUS,8R,1.237264,a
8838,True,LAIUS,10R,1.46484,a
8839,True,LAIUS,9R,1.281504,a
8840,True,LAIUS,1+1+3,0.866256,i
8841,True,LAIUS,1+1+3,0.846168,i
8842,True,LAIUS,1+1+3,0.828728,i
8843,True,LAIUS,1+1+3,0.804368,i
8844,True,LAIUS,1+1+3,0.812872,i
8845,True,LAIUS,1+1+3,0.833768,i
8846,True,LAIUS,1+1+3,0.86144,
8854,True,LAIUS,1+1+3,0.787584,a
8855,True,LAIUS,1+1+3,0.796768,a
8856,True,LAIUS,1+1+3,0.779904,a
8857,True,LAIUS,1+1+3,0.726176,a
8858,True,LAIUS,1+1+3,0.718432,a
8859,True,LAIUS,1+1+3,0.719168,a
8860,True,LAIUS,1+1+3,0.738152,a
